Key,English,Lao,Vietnamese,French
mainMenu.start,Start,ເລິ່ມ,Bắt đầu,Commencer
mainMenu.end,End,ຈົບ,Kết thúc,Fin
mainMenu.options,Options,ຕົວເລືອກ,Tùy chọn,Options
human.Data.bodytemperature,BodyTemp,ອຸນຫະພູມ,,
# Module 3 dialogue. Lao is left blank where the wording is being agreed with NUOL,,,,
# (design document section 13 item 5); the game falls back to English until it lands.,,,,
module3.title,Vientiane Health Leader,,,
"# --- what the household says (section 7: plain language, never clinical terms) ---",,,,
m3.say.everyoneFineHere,"Everyone is well here, thank you.",,,
m3.say.hotSinceYesterday,She has been hot since yesterday.,,,
m3.say.hotForDays,She has been hot for {0} days.,,,
m3.say.feelingBetterToday,He says he feels better today.,,,
m3.say.bleeding,Her gums have been bleeding since this morning.,,,
m3.say.cannotKeepWaterDown,He has not kept water down since last night.,,,
m3.say.atHealthCentre,They took her to the health centre.,,,
# --- what the player can see in the room (section 7 step 3) ---,,,,
m3.see.restingOnTheBed,Resting on the bed,,,
m3.see.bucketByTheBed,A bucket beside the bed,,,
m3.see.bloodOnCloth,Blood on a cloth,,,
m3.see.netIsUp,The net is up over the bed,,,
m3.see.noWaterWithinReach,No water within reach,,,
"# --- what the volunteer can do (section 4: never diagnose, never treat) ---",,,,
m3.do.putUpTheNet,Put up the net,,,
m3.do.takeTheNetOn,Take the net on to someone else,,,
m3.do.bringWater,Bring water,,,
m3.do.helpThemRest,Help them rest,,,
m3.do.repellentOnSkin,Repellent on the skin,,,
m3.do.getThemToTheHealthCentre,Get them to the health centre,,,
m3.do.mendTheScreen,Mend the window screen,,,
m3.do.fitAScreen,Fit a window screen,,,
m3.do.setTheFanGoing,Set the fan going,,,
m3.do.shutUpAtDawnAndDusk,Shut up at dawn and dusk,,,
# --- quiet notes when something is already done ---,,,,
m3.why.netAlreadyUp,The net is already up.,,,
m3.why.noNetsLeft,There are no nets left. Choose who needs one most.,,,
m3.why.hasWater,She has water beside her.,,,
m3.why.alreadyResting,He is resting already.,,,
m3.why.repellentOn,Repellent is on.,,,
m3.why.alreadyGoing,They are already going to the health centre.,,,
m3.why.screensAreFine,The screens are in good repair.,,,
m3.why.fanAlreadyOn,The fan is already going.,,,
m3.why.alreadyClosing,They already shut up at dawn and dusk.,,,
"# --- what the game says back (section 10: corrected, never punished) ---",,,,
m3.action.visited,You look in on the household.,,,
m3.action.netUp,The net is up. Mosquitoes cannot reach her while she rests.,,,
m3.action.netAlready,The net is already up.,,,
m3.action.netReclaimed,You take the net down to use somewhere else.,,,
m3.action.noNetsLeft,No nets left. Think about who needs one most.,,,
m3.action.screenFixed,The screen is mended. Mosquitoes stay out of the room.,,,
m3.action.screenAlready,The screens are already sound.,,,
m3.action.fanOn,The fan is going. Mosquitoes are weak fliers.,,,
m3.action.closingHours,They will shut the windows after dawn and before dusk.,,,
m3.action.repellent,"Repellent on the skin, for a few hours.",,,
m3.action.water,"Plenty to drink, within reach.",,,
m3.action.rest,"Settled, and someone will check on her.",,,
m3.action.referralCorrect,Right call. They are on their way to the health centre now.,,,
m3.action.referralNotNeeded,"No need this time. With a fever and no bleeding or vomiting, she is better cared for at home.",,,
m3.action.invalid,Nothing to do here.,,,
# --- the Coach's handover brief (section 8) ---,,,,
m3.brief.bleeding,{0} is bleeding. She needs a doctor now.,,,
m3.brief.vomiting,{0} cannot keep water down. He needs a doctor now.,,,
m3.brief.uncovered,{0} is unwell and has no net.,,,
m3.brief.lookingBetter,{0}'s fever has broken. Keep watching - this is when it can turn.,,,
# --- trace-back replay (section 5) ---,,,,
m3.trace.arrivedIll,They were already ill when you arrived.,,,
m3.trace.fromThisContainer,A mosquito came out of this water.,,,
m3.trace.fedOnUncoveredPatient,"It fed on someone who was unwell, with no net up.",,,
m3.trace.fedOnCoveredPatient,"It fed on someone who was unwell, even with a net up.",,,
m3.trace.fedOnSomeoneWhoSeemedWell,It fed on someone who seemed perfectly well.,,,
m3.trace.bitSomeoneInTheSameHouse,Days later it bit someone in the same house.,,,
m3.trace.bitSomeoneNextDoor,Days later it bit someone a few doors along.,,,
m3.trace.summaryPreventable,A net over that patient would have stopped this.,,,
m3.trace.summaryInvisible,Nobody could have known this person was carrying it.,,,
m3.trace.summaryCovered,This one got through even with the net up.,,,
# --- the replay before the score (section 5) ---,,,,
m3.replay.thisNeedNotHaveHappened,Here is the outbreak that need not have happened.,,,
m3.replay.youAlreadyDidThis,You covered the first patient on day one. This is your neighbourhood.,,,
"# --- scoring (section 10: consequences shown, never marks taken away) ---",,,,
m3.score.chainBroken,You kept the virus from leaving a house.,,,
m3.score.referredCorrectly,You got someone to a doctor when they needed one.,,,
m3.score.goodHomeCare,"Rest, water, and you came back to check.",,,
m3.score.missedWarningSign,Someone went to hospital on their own. Worth talking about.,,,
m3.score.unnecessaryReferral,A fever with no warning signs is better cared for at home.,,,
m3.debrief.chainFromNowhere,One of these chains starts in a house where nobody was ever ill. What could have stopped it?,,,
m3.debrief.peopleWhoNeverKnew,{0} people here caught it and never felt a thing. You could not have found them. What would have protected them?,,,
m3.debrief.noInvisibleEvidence,"Nobody here carried it without knowing. That is luck, not the usual.",,,
# --- what the Coach reads out at a handover (sections 8 and 9) ---,,,,
m3.coach.daysLater,{0} days later.,,,
m3.coach.oneDayLater,One day later.,,,
m3.coach.sameDay,Later the same day.,,,
m3.coach.neverVisited,{0} houses nobody has been to yet.,,,
m3.coach.newCases,{0} new people have fallen ill since your last turn.,,,
m3.coach.noNetsLeft,No nets left. You can take one back from someone who is past it.,,,
m3.coach.nothingUrgent,Nothing urgent. Go and see the houses you have missed.,,,
m3.coach.handItOver,Hand the headset over.,,,
"# --- the debrief (section 5: map, then replay, then score) ---",,,,
m3.debrief.title,How the outbreak went,,,
m3.debrief.caseCount,"{0} people fell ill. {1} of them caught it here, while you were working.",,,
m3.debrief.preventable,"{0} of those came from someone you could see was unwell, with no net up.",,,
m3.debrief.chainsStopped,You stopped it spreading out of {0} houses.,,,
m3.debrief.casesAvoided,{0} fewer people would have caught it.,,,
